title,description
Revisar Documentos Legais,Revisar todos os documentos legais da empresa para garantir conformidade.
Implementar Autenticação de Dois Fatores,Adicionar uma camada extra de segurança implementando 2FA para todos os usuários.
Corrigir Bug no Módulo de Pagamento,Investigar e corrigir o bug que impede pagamentos via cartão de crédito.
Atualizar Sistema Operacional dos Servidores,Atualizar os sistemas operacionais dos servidores para a última versão estável.
Testar Nova Versão da Aplicação,Executar uma bateria de testes na nova versão da aplicação antes do lançamento.
Realizar Reunião de Planejamento com a Equipe,Organizar e conduzir uma reunião de planejamento para as próximas sprints.
Analisar Dados de Vendas do Último Trimestre,Analisar detalhadamente os dados de vendas do último trimestre para identificar tendências.
Desenvolver Script de Backup para Banco de Dados,Criar um script automatizado para backup diário do banco de dados principal.
Configurar Ambiente de Desenvolvimento para Novos Membros,"Configurar o ambiente de desenvolvimento para novos membros da equipe, incluindo instalação de ferramentas necessárias."
Documentar Funções e Métodos do Código,Escrever a documentação detalhada de funções e métodos importantes do código.
Preparar Apresentação para Clientes Potenciais,Preparar uma apresentação persuasiva para atrair novos clientes.
Realizar Pesquisa de Mercado para Novos Produtos,Realizar uma pesquisa de mercado para avaliar a viabilidade de novos produtos.
Otimizar Consultas no Banco de Dados,Otimizar consultas SQL para melhorar a performance do banco de dados.
Escrever Testes Automatizados para a API,Escrever testes automatizados para garantir a funcionalidade da API.
Criar Wireframes para a Nova Interface do Usuário,Criar wireframes detalhados para a nova interface do usuário.
Ajustar Layout do Dashboard de Administração,Ajustar o layout do dashboard administrativo para uma melhor usabilidade.
Desenvolver API para Integração com Serviços Externos,Desenvolver uma API robusta para integração com serviços de terceiros.
Refatorar Código Antigo para Melhorar Performance,Refatorar o código legado para melhorar a performance e a manutenibilidade.
Migrar Dados para o Novo Sistema,Migrar dados do sistema antigo para o novo sistema com segurança.
Realizar Treinamento para Equipe de Suporte,Realizar um treinamento abrangente para a equipe de suporte sobre novas funcionalidades.
Atualizar Dependências de Projetos no Git,Atualizar todas as dependências dos projetos para as versões mais recentes.
Integrar Sistemas de Pagamento,Integrar novos métodos de pagamento no sistema de e-commerce.
Monitorar Performance de Aplicações em Produção,Monitorar continuamente a performance das aplicações em produção e resolver quaisquer problemas.
Implementar Medidas de Segurança Cibernética,Implementar novas medidas de segurança cibernética para proteger os dados dos usuários.
Realizar Auditoria de Código para Compliance,Realizar uma auditoria de código para garantir a conformidade com as políticas de segurança.
Participar de Webinar sobre Tecnologias Emergentes,Participar de um webinar sobre as últimas tecnologias emergentes no mercado.
Elaborar Plano de Projeto para Novas Funcionalidades,Elaborar um plano de projeto detalhado para o desenvolvimento de novas funcionalidades.
Gerenciar Tarefas no Jira,Gerenciar todas as tarefas do projeto utilizando o Jira.
Enviar Relatório Semanal de Progresso,Enviar relatórios semanais detalhados sobre o progresso do projeto para os stakeholders.
Colaborar com a Equipe de Design,Colaborar com a equipe de design para alinhar as funcionalidades com o design.
Estudar Nova Tecnologia para Projeto Futuro,Estudar e se familiarizar com uma nova tecnologia para um projeto futuro.
Implementar Melhorias com Base em Feedback de Usuários,Implementar melhorias no sistema com base no feedback recebido dos usuários.
Customizar Funcionalidades conforme Requisitos do Cliente,Customizar funcionalidades existentes para atender às necessidades específicas do cliente.
Acompanhar Métricas de Uso do Sistema,Acompanhar e analisar métricas de uso do sistema para identificar áreas de melhoria.
Desenvolver MVP para Apresentação,Desenvolver um MVP funcional para apresentação aos investidores.
Ajustar Configurações de Servidores,Ajustar configurações dos servidores para otimizar a performance.
Escrever Documentação Técnica para Desenvolvedores,Escrever documentação técnica abrangente para desenvolvedores.
Realizar Deploy da Nova Versão,Realizar o deploy da nova versão da aplicação com sucesso.
Gerenciar Recursos do Projeto,Gerenciar eficientemente os recursos do projeto para garantir a entrega no prazo.
Planejar Sprints com a Metodologia Scrum,Planejar as sprints do projeto utilizando a metodologia Scrum.
Realizar Testes de Usabilidade com Usuários,Realizar testes de usabilidade com usuários reais para obter feedback.
Automatizar Processos Repetitivos com Scripts,Automatizar processos repetitivos utilizando scripts para aumentar a eficiência.
Criar Dashboard de Visualização de Dados,Criar um dashboard de visualização de dados para monitorar KPIs.
Configurar Pipeline de CI/CD,Configurar uma pipeline de CI/CD para automação de deploys.
Elaborar Estratégias de Marketing Digital,Elaborar estratégias de marketing digital para aumentar a visibilidade online.
Analisar Feedbacks de Clientes,Analisar e responder ao feedback dos clientes para melhorar o produto.
Resolver Conflitos de Merge no Git,Resolver conflitos de merge no Git de maneira eficiente.
Realizar Backup Diário do Sistema,Realizar backup diário completo do sistema para garantir a segurança dos dados.
Documentar Requisitos Funcionais e Não Funcionais,Documentar todos os requisitos funcionais e não funcionais do projeto.
Escrever Manual do Usuário,Escrever um manual do usuário detalhado para facilitar o uso do sistema.
Atualizar Políticas de Segurança da Informação,Atualizar as políticas de segurança da informação para cumprir com as normas.
Organizar Eventos de Engajamento com a Comunidade,Organizar eventos para aumentar o engajamento da comunidade com a marca.
Realizar Controle de Qualidade de Produtos,Realizar controle de qualidade rigoroso para garantir a excelência dos produtos.
Prototipar Soluções Inovadoras,Prototipar soluções inovadoras para problemas identificados.
Gerenciar Riscos do Projeto,Gerenciar riscos do projeto para evitar atrasos e problemas futuros.
Desenvolver Interface de Usuário Responsiva,Desenvolver uma interface de usuário responsiva que funcione bem em todos os dispositivos.
Criar Campanhas de E-mail Marketing,Criar campanhas de e-mail marketing para promover novos produtos.
Realizar Manutenção Preventiva em Equipamentos,Realizar manutenção preventiva em todos os equipamentos para evitar falhas.
Gerenciar Versões de Software,Gerenciar versões de software utilizando controle de versão.
Implementar Ferramentas de Analytics no Site,Implementar ferramentas de analytics para monitorar o comportamento dos usuários no site.
